{
  "hash": "853bbcdb",
  "configHash": "7f78f9c2",
  "lockfileHash": "c8ced444",
  "browserHash": "b8d0b88f",
  "optimized": {
    "@angular/core": {
      "src": "../../../../../node_modules/@angular/core/fesm2022/core.mjs",
      "file": "@angular_core.js",
      "fileHash": "dfd1bb0a",
      "needsInterop": false
    },
    "@angular/platform-browser": {
      "src": "../../../../../node_modules/@angular/platform-browser/fesm2022/platform-browser.mjs",
      "file": "@angular_platform-browser.js",
      "fileHash": "e750e991",
      "needsInterop": false
    },
    "@angular/router": {
      "src": "../../../../../node_modules/@angular/router/fesm2022/router.mjs",
      "file": "@angular_router.js",
      "fileHash": "3760c988",
      "needsInterop": false
    },
    "@abacritt/angularx-social-login": {
      "src": "../../../../../node_modules/@abacritt/angularx-social-login/fesm2022/abacritt-angularx-social-login.mjs",
      "file": "@abacritt_angularx-social-login.js",
      "fileHash": "12811445",
      "needsInterop": false
    },
    "@angular/common/http": {
      "src": "../../../../../node_modules/@angular/common/fesm2022/http.mjs",
      "file": "@angular_common_http.js",
      "fileHash": "a9e25c36",
      "needsInterop": false
    }
  },
  "chunks": {
    "chunk-CHIQ2U5J": {
      "file": "chunk-CHIQ2U5J.js"
    },
    "chunk-FG6D5YY7": {
      "file": "chunk-FG6D5YY7.js"
    },
    "chunk-UPMFSL3H": {
      "file": "chunk-UPMFSL3H.js"
    },
    "chunk-3WTTWRMM": {
      "file": "chunk-3WTTWRMM.js"
    }
  }
}